Fuel_Type,Dealer,Individual
CNG,0.010256410256410256,0.0
Diesel,0.30256410256410254,0.009433962264150943
Petrol,0.6871794871794872,0.9905660377358491
