Fuel_Type,Automatic,Manual
CNG,0.0,0.006644518272425249
Diesel,0.03986710963455149,0.15946843853820597
Petrol,0.09302325581395349,0.7009966777408638
