Operation,Result
Dot Product,2.151200000000001
Angle (deg),0.0
Orthogonal,No
Unit Vector A,"[0.15681494187351405, 0.14317885997146934, 0.15681494187351405, 0.19772318757964813, 0.21135926948169287, 0.1636329828245364, 0.1636329828245364, 0.1772690647265811, 0.1499969009224917, 0.15681494187351405, 0.2045412285306705, 0.15681494187351405, 0.1499969009224917, 0.21135926948169287, 0.136360819020447, 0.2181773104327152, 0.2045412285306705, 0.2045412285306705, 0.2045412285306705, 0.2045412285306705, 0.2045412285306705, 0.15681494187351405, 0.15681494187351405, 0.21135926948169287, 0.21135926948169287, 0.15681494187351405, 0.1636329828245364, 0.2045412285306705, 0.15681494187351405, 0.15681494187351405, 0.15681494187351405]"
Unit Vector B,"[0.15681494187351405, 0.14317885997146934, 0.15681494187351405, 0.19772318757964813, 0.21135926948169287, 0.1636329828245364, 0.1636329828245364, 0.1772690647265811, 0.1499969009224917, 0.15681494187351405, 0.2045412285306705, 0.15681494187351405, 0.1499969009224917, 0.21135926948169287, 0.136360819020447, 0.2181773104327152, 0.2045412285306705, 0.2045412285306705, 0.2045412285306705, 0.2045412285306705, 0.2045412285306705, 0.15681494187351405, 0.15681494187351405, 0.21135926948169287, 0.21135926948169287, 0.15681494187351405, 0.1636329828245364, 0.2045412285306705, 0.15681494187351405, 0.15681494187351405, 0.15681494187351405]"
Projection (A on B),"[0.23, 0.21, 0.23, 0.29, 0.31, 0.24, 0.24, 0.26, 0.22, 0.23, 0.3, 0.23, 0.22, 0.31, 0.2, 0.32, 0.3, 0.3, 0.3, 0.3, 0.3, 0.23, 0.23, 0.31, 0.31, 0.23, 0.24, 0.3, 0.23, 0.23, 0.23]"
