Operation,Result
Dot Product,97401195
Angle (deg),8.537736462515939e-07
Orthogonal,No
Unit Vector A,"[0.20406913500093302, 0.20396780971046582, 0.2043731108723346, 0.20376515912953141, 0.20406913500093302, 0.20447443616280178, 0.2041704602914002, 0.2041704602914002, 0.2042717855818674, 0.2041704602914002, 0.2043731108723346, 0.2041704602914002, 0.2041704602914002, 0.2041704602914002, 0.20356250854859703, 0.2042717855818674, 0.2041704602914002, 0.2042717855818674, 0.2041704602914002, 0.20366383383906422, 0.2042717855818674, 0.2043731108723346, 0.20376515912953141, 0.20406913500093302]"
Unit Vector B,"[0.20406913500093302, 0.20396780971046582, 0.2043731108723346, 0.20376515912953141, 0.20406913500093302, 0.20447443616280178, 0.2041704602914002, 0.2041704602914002, 0.2042717855818674, 0.2041704602914002, 0.2043731108723346, 0.2041704602914002, 0.2041704602914002, 0.2041704602914002, 0.20356250854859703, 0.2042717855818674, 0.2041704602914002, 0.2042717855818674, 0.2041704602914002, 0.20366383383906422, 0.2042717855818674, 0.2043731108723346, 0.20376515912953141, 0.20406913500093302]"
Projection (A on B),"[2013.9999999999998, 2012.9999999999998, 2016.9999999999998, 2010.9999999999998, 2013.9999999999998, 2017.9999999999998, 2014.9999999999998, 2014.9999999999998, 2015.9999999999998, 2014.9999999999998, 2016.9999999999998, 2014.9999999999998, 2014.9999999999998, 2014.9999999999998, 2008.9999999999998, 2015.9999999999998, 2014.9999999999998, 2015.9999999999998, 2014.9999999999998, 2009.9999999999998, 2015.9999999999998, 2016.9999999999998, 2010.9999999999998, 2013.9999999999998]"
