Operation,Result
Dot Product,178.8835
Angle (deg),9.013150075089657
Orthogonal,No
Unit Vector A,"[0.31153693597250426, 0.4417314763789239, 0.6742217271046733, 0.26503888582735435, 0.42778206133537894]"
Unit Vector B,"[0.3318798730803022, 0.5663924846486732, 0.5847972718856846, 0.24638666785031385, 0.40787383328473636]"
Projection (A on B),"[3.524684968290627, 6.015294203487045, 6.210759738401194, 2.6167160319152245, 4.331768467290986]"
